Entity,Code,Year,UHC Service Coverage Index (SDG 3.8.1)
Afghanistan,AFG,2000,22.60528
Afghanistan,AFG,2005,27.51268
Afghanistan,AFG,2010,29.43584
Afghanistan,AFG,2015,35.57227
Afghanistan,AFG,2017,40.55108
Afghanistan,AFG,2019,41.72071
Afghanistan,AFG,2021,40.88461
Africa (WHO),WHO_AFR,2000,23.42367
Africa (WHO),WHO_AFR,2005,27.50991
Africa (WHO),WHO_AFR,2010,36.21727
Africa (WHO),WHO_AFR,2015,42.14298
Africa (WHO),WHO_AFR,2017,43.70033
Africa (WHO),WHO_AFR,2019,44.60498
Africa (WHO),WHO_AFR,2021,44.38966
Albania,ALB,2000,42.62449
Albania,ALB,2005,51.897
Albania,ALB,2010,57.38092
Albania,ALB,2015,60.99557
Albania,ALB,2017,61.48473
Albania,ALB,2019,63.57093
Albania,ALB,2021,63.76895
Algeria,DZA,2000,56.41185
Algeria,DZA,2005,61.09153
Algeria,DZA,2010,67.18185
Algeria,DZA,2015,73.80888
Algeria,DZA,2017,74.04772
Algeria,DZA,2019,74.34503
Algeria,DZA,2021,74.11164
Americas (WHO),WHO_AMR,2000,65.6727
Americas (WHO),WHO_AMR,2005,71.15553
Americas (WHO),WHO_AMR,2010,75.05061
Americas (WHO),WHO_AMR,2015,79.93107
Americas (WHO),WHO_AMR,2017,80.56015
Americas (WHO),WHO_AMR,2019,80.24675
Americas (WHO),WHO_AMR,2021,80.01545
Andorra,AND,2000,67.36547
Andorra,AND,2005,71.49519
Andorra,AND,2010,74.17595
Andorra,AND,2015,74.73157
Andorra,AND,2017,75.51331
Andorra,AND,2019,78.05398
Andorra,AND,2021,78.86248
Angola,AGO,2000,20.51539
Angola,AGO,2005,23.65722
Angola,AGO,2010,31.21417
Angola,AGO,2015,35.5978
Angola,AGO,2017,39.84338
Angola,AGO,2019,39.35772
Angola,AGO,2021,36.72917
Antigua and Barbuda,ATG,2000,54.0169
Antigua and Barbuda,ATG,2005,66.66954
Antigua and Barbuda,ATG,2010,72.94039
Antigua and Barbuda,ATG,2015,77.60541
Antigua and Barbuda,ATG,2017,76.52543
Antigua and Barbuda,ATG,2019,74.56584
Antigua and Barbuda,ATG,2021,75.79523
Argentina,ARG,2000,68.04714
Argentina,ARG,2005,73.82919
Argentina,ARG,2010,76.45497
Argentina,ARG,2015,80
Argentina,ARG,2017,78.63055
Argentina,ARG,2019,77.99396
Argentina,ARG,2021,78.52537
Armenia,ARM,2000,44.32031
Armenia,ARM,2005,51.33242
Armenia,ARM,2010,60.0615
Armenia,ARM,2015,67.16526
Armenia,ARM,2017,69.47808
Armenia,ARM,2019,70.22999
Armenia,ARM,2021,68.19311
Australia,AUS,2000,80
Australia,AUS,2005,80
Australia,AUS,2010,80
Australia,AUS,2015,80
Australia,AUS,2017,80
Australia,AUS,2019,80
Australia,AUS,2021,80
Austria,AUT,2000,69.85424
Austria,AUT,2005,77.39629
Austria,AUT,2010,80
Austria,AUT,2015,80
Austria,AUT,2017,80
Austria,AUT,2019,80
Austria,AUT,2021,80
Azerbaijan,AZE,2000,42.03552
Azerbaijan,AZE,2005,37.80304
Azerbaijan,AZE,2010,50.51886
Azerbaijan,AZE,2015,61.51084
Azerbaijan,AZE,2017,64.13299
Azerbaijan,AZE,2019,66.51683
Azerbaijan,AZE,2021,65.65727
Bahamas,BHS,2000,53.83782
Bahamas,BHS,2005,71.09119
Bahamas,BHS,2010,73.1485
Bahamas,BHS,2015,76.77241
Bahamas,BHS,2017,78.73966
Bahamas,BHS,2019,78.75336
Bahamas,BHS,2021,77.19485
Bahrain,BHR,2000,59.81269
Bahrain,BHR,2005,63.71456
Bahrain,BHR,2010,67.50298
Bahrain,BHR,2015,72.94302
Bahrain,BHR,2017,73.57151
Bahrain,BHR,2019,76.2429
Bahrain,BHR,2021,76.03581
Bangladesh,BGD,2000,23.38344
Bangladesh,BGD,2005,27.39814
Bangladesh,BGD,2010,36.57942
Bangladesh,BGD,2015,45.1692
Bangladesh,BGD,2017,48.07839
Bangladesh,BGD,2019,49.9642
Bangladesh,BGD,2021,51.61948
Barbados,BRB,2000,54.19871
Barbados,BRB,2005,72.15047
Barbados,BRB,2010,74.77112
Barbados,BRB,2015,80
Barbados,BRB,2017,80
Barbados,BRB,2019,78.70071
Barbados,BRB,2021,76.92128
Belarus,BLR,2000,52.83664
Belarus,BLR,2005,59.20566
Belarus,BLR,2010,70.07163
Belarus,BLR,2015,75.65266
Belarus,BLR,2017,78.11448
Belarus,BLR,2019,80
Belarus,BLR,2021,78.56763
Belgium,BEL,2000,76.61296
Belgium,BEL,2005,80
Belgium,BEL,2010,80
Belgium,BEL,2015,80
Belgium,BEL,2017,80
Belgium,BEL,2019,80
Belgium,BEL,2021,80
Belize,BLZ,2000,47.28611
Belize,BLZ,2005,57.6748
Belize,BLZ,2010,64.03525
Belize,BLZ,2015,69.38981
Belize,BLZ,2017,68.14495
Belize,BLZ,2019,69.22544
Belize,BLZ,2021,67.60394
Benin,BEN,2000,20.65965
Benin,BEN,2005,22.10853
Benin,BEN,2010,33.211
Benin,BEN,2015,34.68574
Benin,BEN,2017,33.93094
Benin,BEN,2019,35.25361
Benin,BEN,2021,37.89256
Bhutan,BTN,2000,35.1624
Bhutan,BTN,2005,36.52815
Bhutan,BTN,2010,44.34076
Bhutan,BTN,2015,53.19759
Bhutan,BTN,2017,55.75522
Bhutan,BTN,2019,60.17197
Bhutan,BTN,2021,60.42171
Bolivia,BOL,2000,36.87305
Bolivia,BOL,2005,38.9781
Bolivia,BOL,2010,47.45756
Bolivia,BOL,2015,60.25314
Bolivia,BOL,2017,64.00739
Bolivia,BOL,2019,65.09212
Bolivia,BOL,2021,65.06229
Bosnia and Herzegovina,BIH,2000,44.36213
Bosnia and Herzegovina,BIH,2005,61.05249
Bosnia and Herzegovina,BIH,2010,62.398
Bosnia and Herzegovina,BIH,2015,68.02817
Bosnia and Herzegovina,BIH,2017,70.38882
Bosnia and Herzegovina,BIH,2019,67.23395
Bosnia and Herzegovina,BIH,2021,66.47112
Botswana,BWA,2000,35.46302
Botswana,BWA,2005,47.94382
Botswana,BWA,2010,53.79683
Botswana,BWA,2015,57.5769
Botswana,BWA,2017,57.97421
Botswana,BWA,2019,55.31324
Botswana,BWA,2021,55.17985
Brazil,BRA,2000,68.04693
Brazil,BRA,2005,73.40996
Brazil,BRA,2010,76.01514
Brazil,BRA,2015,80
Brazil,BRA,2017,80
Brazil,BRA,2019,80
Brazil,BRA,2021,80
Brunei,BRN,2000,49.39087
Brunei,BRN,2005,63.84196
Brunei,BRN,2010,69.67525
Brunei,BRN,2015,75.1149
Brunei,BRN,2017,77.67146
Brunei,BRN,2019,77.14001
Brunei,BRN,2021,78.34303
Bulgaria,BGR,2000,56.23362
Bulgaria,BGR,2005,60.81434
Bulgaria,BGR,2010,65.17148
Bulgaria,BGR,2015,70.32406
Bulgaria,BGR,2017,72.439
Bulgaria,BGR,2019,75.77181
Bulgaria,BGR,2021,73.4856
Burkina Faso,BFA,2000,15.4195
Burkina Faso,BFA,2005,21.31436
Burkina Faso,BFA,2010,29.88395
Burkina Faso,BFA,2015,35.48542
Burkina Faso,BFA,2017,37.68524
Burkina Faso,BFA,2019,38.0715
Burkina Faso,BFA,2021,39.60456
Burundi,BDI,2000,19.364
Burundi,BDI,2005,23.64375
Burundi,BDI,2010,33.46381
Burundi,BDI,2015,40.24527
Burundi,BDI,2017,39.70335
Burundi,BDI,2019,41.68614
Burundi,BDI,2021,41.46003
Cambodia,KHM,2000,23.90044
Cambodia,KHM,2005,37.24602
Cambodia,KHM,2010,50.46432
Cambodia,KHM,2015,55.90014
Cambodia,KHM,2017,59.67848
Cambodia,KHM,2019,58.29306
Cambodia,KHM,2021,57.98489
Cameroon,CMR,2000,22.3873
Cameroon,CMR,2005,28.42808
Cameroon,CMR,2010,32.96333
Cameroon,CMR,2015,41.93261
Cameroon,CMR,2017,43.17722
Cameroon,CMR,2019,42.63574
Cameroon,CMR,2021,43.87635
Canada,CAN,2000,73.74116
Canada,CAN,2005,79.43651
Canada,CAN,2010,80
Canada,CAN,2015,80
Canada,CAN,2017,80
Canada,CAN,2019,80
Canada,CAN,2021,80
Cape Verde,CPV,2000,43.10192
Cape Verde,CPV,2005,53.51265
Cape Verde,CPV,2010,62.6954
Cape Verde,CPV,2015,67.98614
Cape Verde,CPV,2017,69.55247
Cape Verde,CPV,2019,68.83315
Cape Verde,CPV,2021,71.17687
Central African Republic,CAF,2000,17.73278
Central African Republic,CAF,2005,18.914
Central African Republic,CAF,2010,26.01012
Central African Republic,CAF,2015,29.50684
Central African Republic,CAF,2017,30.2378
Central African Republic,CAF,2019,30.57638
Central African Republic,CAF,2021,32.26192
Chad,TCD,2000,14.5817
Chad,TCD,2005,15.59872
Chad,TCD,2010,22.26037
Chad,TCD,2015,26.83309
Chad,TCD,2017,28.16784
Chad,TCD,2019,26.63073
Chad,TCD,2021,29.40162
Chile,CHL,2000,65.02777
Chile,CHL,2005,73.63523
Chile,CHL,2010,76.76622
Chile,CHL,2015,79.48533
Chile,CHL,2017,80
Chile,CHL,2019,80
Chile,CHL,2021,80
China,CHN,2000,46.70368
China,CHN,2005,56.73541
China,CHN,2010,66.18852
China,CHN,2015,75.70291
China,CHN,2017,78.85642
China,CHN,2019,80
China,CHN,2021,80
Colombia,COL,2000,51.5003
Colombia,COL,2005,62.69008
Colombia,COL,2010,68.33423
Colombia,COL,2015,77.82593
Colombia,COL,2017,80
Colombia,COL,2019,80
Colombia,COL,2021,80
Comoros,COM,2000,25.8583
Comoros,COM,2005,32.12627
Comoros,COM,2010,38.92088
Comoros,COM,2015,43.77384
Comoros,COM,2017,45.60096
Comoros,COM,2019,45.63213
Comoros,COM,2021,48.11962
Congo,COG,2000,20.97332
Congo,COG,2005,24.63898
Congo,COG,2010,29.74213
Congo,COG,2015,37.89627
Congo,COG,2017,36.0234
Congo,COG,2019,39.38063
Congo,COG,2021,41.00078
Cook Islands,COK,2000,47.38666
Cook Islands,COK,2005,50.16754
Cook Islands,COK,2010,60.70597
Cook Islands,COK,2015,63.452
Cook Islands,COK,2017,62.52026
Cook Islands,COK,2019,63.43803
Cook Islands,COK,2021,45.98177
Costa Rica,CRI,2000,65.50869
Costa Rica,CRI,2005,70.32895
Costa Rica,CRI,2010,74.93482
Costa Rica,CRI,2015,77.44404
Costa Rica,CRI,2017,80
Costa Rica,CRI,2019,80
Costa Rica,CRI,2021,80
Cote d'Ivoire,CIV,2000,21.66734
Cote d'Ivoire,CIV,2005,24.78389
Cote d'Ivoire,CIV,2010,33.35059
Cote d'Ivoire,CIV,2015,42.94068
Cote d'Ivoire,CIV,2017,44.4266
Cote d'Ivoire,CIV,2019,40.88472
Cote d'Ivoire,CIV,2021,42.77569
Croatia,HRV,2000,70.72003
Croatia,HRV,2005,73.81461
Croatia,HRV,2010,76.82191
Croatia,HRV,2015,77.54351
Croatia,HRV,2017,78.57928
Croatia,HRV,2019,80
Croatia,HRV,2021,80
Cuba,CUB,2000,56.22157
Cuba,CUB,2005,70.8773
Cuba,CUB,2010,78.30153
Cuba,CUB,2015,80
Cuba,CUB,2017,80
Cuba,CUB,2019,80
Cuba,CUB,2021,80
Cyprus,CYP,2000,50.63619
Cyprus,CYP,2005,66.68087
Cyprus,CYP,2010,70.17817
Cyprus,CYP,2015,78.24181
Cyprus,CYP,2017,80
Cyprus,CYP,2019,80
Cyprus,CYP,2021,80
Czechia,CZE,2000,76.89719
Czechia,CZE,2005,77.30387
Czechia,CZE,2010,80
Czechia,CZE,2015,80
Czechia,CZE,2017,80
Czechia,CZE,2019,80
Czechia,CZE,2021,80
Democratic Republic of Congo,COD,2000,20.62725
Democratic Republic of Congo,COD,2005,22.68262
Democratic Republic of Congo,COD,2010,29.64598
Democratic Republic of Congo,COD,2015,36.895
Democratic Republic of Congo,COD,2017,39.59255
Democratic Republic of Congo,COD,2019,39.78853
Democratic Republic of Congo,COD,2021,41.73901
Denmark,DNK,2000,71.78837
Denmark,DNK,2005,74.38334
Denmark,DNK,2010,76.93965
Denmark,DNK,2015,80
Denmark,DNK,2017,80
Denmark,DNK,2019,80
Denmark,DNK,2021,80
Djibouti,DJI,2000,23.38025
Djibouti,DJI,2005,28.2272
Djibouti,DJI,2010,36.68119
Djibouti,DJI,2015,41.24912
Djibouti,DJI,2017,45.08687
Djibouti,DJI,2019,45.32812
Djibouti,DJI,2021,43.91182
Dominica,DMA,2000,48.80398
Dominica,DMA,2005,59.99614
Dominica,DMA,2010,65.53093
Dominica,DMA,2015,70.06059
Dominica,DMA,2017,70.11464
Dominica,DMA,2019,71.93415
Dominica,DMA,2021,49.14794
Dominican Republic,DOM,2000,50.87753
Dominican Republic,DOM,2005,57.40839
Dominican Republic,DOM,2010,70.03009
Dominican Republic,DOM,2015,75.2307
Dominican Republic,DOM,2017,74.6357
Dominican Republic,DOM,2019,75.0493
Dominican Republic,DOM,2021,76.98295
East Timor,TLS,2000,28.12505
East Timor,TLS,2005,30.76128
East Timor,TLS,2010,41.47976
East Timor,TLS,2015,47.33599
East Timor,TLS,2017,49.61962
East Timor,TLS,2019,50.22096
East Timor,TLS,2021,52.30378
Eastern Mediterranean (WHO),WHO_EMR,2000,37.48567
Eastern Mediterranean (WHO),WHO_EMR,2005,41.54613
Eastern Mediterranean (WHO),WHO_EMR,2010,46.98394
Eastern Mediterranean (WHO),WHO_EMR,2015,52.72652
Eastern Mediterranean (WHO),WHO_EMR,2017,55.74839
Eastern Mediterranean (WHO),WHO_EMR,2019,56.93246
Eastern Mediterranean (WHO),WHO_EMR,2021,57.08711
Ecuador,ECU,2000,51.2664
Ecuador,ECU,2005,57.80808
Ecuador,ECU,2010,68.16116
Ecuador,ECU,2015,76.62326
Ecuador,ECU,2017,77.78508
Ecuador,ECU,2019,79.49633
Ecuador,ECU,2021,76.6337
Egypt,EGY,2000,50.39901
Egypt,EGY,2005,52.27327
Egypt,EGY,2010,62.35203
Egypt,EGY,2015,65.20842
Egypt,EGY,2017,68.95744
Egypt,EGY,2019,70.14868
Egypt,EGY,2021,70.2333
El Salvador,SLV,2000,51.54281
El Salvador,SLV,2005,64.98482
El Salvador,SLV,2010,73.32805
El Salvador,SLV,2015,76.82203
El Salvador,SLV,2017,77.96375
El Salvador,SLV,2019,77.81264
El Salvador,SLV,2021,78.04086
Equatorial Guinea,GNQ,2000,19.70556
Equatorial Guinea,GNQ,2005,22.57277
Equatorial Guinea,GNQ,2010,28.79866
Equatorial Guinea,GNQ,2015,40.56823
Equatorial Guinea,GNQ,2017,43.93791
Equatorial Guinea,GNQ,2019,43.74691
Equatorial Guinea,GNQ,2021,45.74751
Eritrea,ERI,2000,25.83123
Eritrea,ERI,2005,31.82051
Eritrea,ERI,2010,40.1129
Eritrea,ERI,2015,44.71825
Eritrea,ERI,2017,45.92554
Eritrea,ERI,2019,46.09582
Eritrea,ERI,2021,44.88894
Estonia,EST,2000,59.60306
Estonia,EST,2005,61.63895
Estonia,EST,2010,72.09915
Estonia,EST,2015,76.83005
Estonia,EST,2017,77.81068
Estonia,EST,2019,78.77091
Estonia,EST,2021,79.31091
Eswatini,SWZ,2000,35.70971
Eswatini,SWZ,2005,44.00773
Eswatini,SWZ,2010,51.10865
Eswatini,SWZ,2015,55.48753
Eswatini,SWZ,2017,59.78487
Eswatini,SWZ,2019,58.40017
Eswatini,SWZ,2021,55.86385
Ethiopia,ETH,2000,13.30969
Ethiopia,ETH,2005,16.66036
Ethiopia,ETH,2010,26.55138
Ethiopia,ETH,2015,34.22756
Ethiopia,ETH,2017,34.90632
Ethiopia,ETH,2019,35.52914
Ethiopia,ETH,2021,35.14274
Europe (WHO),WHO_EUR,2000,64.45797
Europe (WHO),WHO_EUR,2005,67.7624
Europe (WHO),WHO_EUR,2010,74.5882
Europe (WHO),WHO_EUR,2015,79.14765
Europe (WHO),WHO_EUR,2017,80.53014
Europe (WHO),WHO_EUR,2019,81.31552
Europe (WHO),WHO_EUR,2021,81.06379
Fiji,FJI,2000,41.9571
Fiji,FJI,2005,50.17557
Fiji,FJI,2010,52.49566
Fiji,FJI,2015,59.67894
Fiji,FJI,2017,58.91916
Fiji,FJI,2019,59.43298
Fiji,FJI,2021,58.24706
Finland,FIN,2000,74.75711
Finland,FIN,2005,80
Finland,FIN,2010,80
Finland,FIN,2015,80
Finland,FIN,2017,80
Finland,FIN,2019,80
Finland,FIN,2021,80
France,FRA,2000,79.14757
France,FRA,2005,80
France,FRA,2010,80
France,FRA,2015,80
France,FRA,2017,80
France,FRA,2019,80
France,FRA,2021,80
Gabon,GAB,2000,28.17883
Gabon,GAB,2005,36.9588
Gabon,GAB,2010,45.2353
Gabon,GAB,2015,49.96951
Gabon,GAB,2017,50.71123
Gabon,GAB,2019,48.64603
Gabon,GAB,2021,48.97425
Gambia,GMB,2000,28.94088
Gambia,GMB,2005,36.07573
Gambia,GMB,2010,40.6432
Gambia,GMB,2015,43.38438
Gambia,GMB,2017,43.7427
Gambia,GMB,2019,45.71187
Gambia,GMB,2021,46.1508
Georgia,GEO,2000,47.09488
Georgia,GEO,2005,61.36617
Georgia,GEO,2010,68.51891
Georgia,GEO,2015,70.7278
Georgia,GEO,2017,70.09057
Georgia,GEO,2019,69.42982
Georgia,GEO,2021,68.22667
Germany,DEU,2000,78.7087
Germany,DEU,2005,80
Germany,DEU,2010,80
Germany,DEU,2015,80
Germany,DEU,2017,80
Germany,DEU,2019,80
Germany,DEU,2021,80
Ghana,GHA,2000,23.65041
Ghana,GHA,2005,25.60964
Ghana,GHA,2010,35.24769
Ghana,GHA,2015,43.90984
Ghana,GHA,2017,45.46957
Ghana,GHA,2019,46.49993
Ghana,GHA,2021,47.78764
Greece,GRC,2000,68.94923
Greece,GRC,2005,72.82025
Greece,GRC,2010,75.39027
Greece,GRC,2015,77.90915
Greece,GRC,2017,78.92592
Greece,GRC,2019,79.45765
Greece,GRC,2021,77.18728
Grenada,GRD,2000,49.84954
Grenada,GRD,2005,61.57412
Grenada,GRD,2010,67.91986
Grenada,GRD,2015,71.28389
Grenada,GRD,2017,72.89505
Grenada,GRD,2019,73.83379
Grenada,GRD,2021,70.44362
Guatemala,GTM,2000,40.4051
Guatemala,GTM,2005,50.05145
Guatemala,GTM,2010,57.51889
Guatemala,GTM,2015,59.86306
Guatemala,GTM,2017,57.9804
Guatemala,GTM,2019,60.61773
Guatemala,GTM,2021,58.68237
Guinea,GIN,2000,16.07397
Guinea,GIN,2005,18.86237
Guinea,GIN,2010,25.80411
Guinea,GIN,2015,32.70554
Guinea,GIN,2017,36.09503
Guinea,GIN,2019,39.42244
Guinea,GIN,2021,39.92434
Guinea-Bissau,GNB,2000,19.06267
Guinea-Bissau,GNB,2005,22.73221
Guinea-Bissau,GNB,2010,28.78932
Guinea-Bissau,GNB,2015,36.72791
Guinea-Bissau,GNB,2017,37.81649
Guinea-Bissau,GNB,2019,36.25281
Guinea-Bissau,GNB,2021,37.24882
Guyana,GUY,2000,44.87869
Guyana,GUY,2005,58.66557
Guyana,GUY,2010,64.95517
Guyana,GUY,2015,75.08281
Guyana,GUY,2017,76.63873
Guyana,GUY,2019,77.40801
Guyana,GUY,2021,75.93155
Haiti,HTI,2000,27.3593
Haiti,HTI,2005,33.1177
Haiti,HTI,2010,41.99582
Haiti,HTI,2015,50.7705
Haiti,HTI,2017,53.3222
Haiti,HTI,2019,52.79086
Haiti,HTI,2021,54.13732
Honduras,HND,2000,42.03738
Honduras,HND,2005,52.427
Honduras,HND,2010,58.20331
Honduras,HND,2015,65.30439
Honduras,HND,2017,65.1033
Honduras,HND,2019,65.50581
Honduras,HND,2021,64.30881
Hungary,HUN,2000,70.13693
Hungary,HUN,2005,71.93488
Hungary,HUN,2010,73.16734
Hungary,HUN,2015,78.17759
Hungary,HUN,2017,78.82822
Hungary,HUN,2019,78.55894
Hungary,HUN,2021,79.45746
Iceland,ISL,2000,77.75259
Iceland,ISL,2005,80
Iceland,ISL,2010,80
Iceland,ISL,2015,80
Iceland,ISL,2017,80
Iceland,ISL,2019,80
Iceland,ISL,2021,80
India,IND,2000,29.66446
India,IND,2005,33.83773
India,IND,2010,48.56442
India,IND,2015,57.34273
India,IND,2017,60.39243
India,IND,2019,63.54493
India,IND,2021,63.33427
Indonesia,IDN,2000,29.037
Indonesia,IDN,2005,33.55102
Indonesia,IDN,2010,41.67841
Indonesia,IDN,2015,50.18527
Indonesia,IDN,2017,54.21259
Indonesia,IDN,2019,55.88193
Indonesia,IDN,2021,54.77663
Iran,IRN,2000,49.79386
Iran,IRN,2005,50.41957
Iran,IRN,2010,54.26576
Iran,IRN,2015,67.64463
Iran,IRN,2017,71.94331
Iran,IRN,2019,75.20693
Iran,IRN,2021,74.30833
Iraq,IRQ,2000,52.49385
Iraq,IRQ,2005,52.58086
Iraq,IRQ,2010,52.87528
Iraq,IRQ,2015,55.80007
Iraq,IRQ,2017,57.43553
Iraq,IRQ,2019,57.71881
Iraq,IRQ,2021,58.50789
Ireland,IRL,2000,72.17076
Ireland,IRL,2005,75.56446
Ireland,IRL,2010,77.2882
Ireland,IRL,2015,80
Ireland,IRL,2017,80
Ireland,IRL,2019,80
Ireland,IRL,2021,80
Israel,ISR,2000,72.28749
Israel,ISR,2005,76.40475
Israel,ISR,2010,79.23442
Israel,ISR,2015,80
Israel,ISR,2017,80
Israel,ISR,2019,80
Israel,ISR,2021,80
Italy,ITA,2000,69.75138
Italy,ITA,2005,76.41152
Italy,ITA,2010,80
Italy,ITA,2015,80
Italy,ITA,2017,80
Italy,ITA,2019,80
Italy,ITA,2021,80
Jamaica,JAM,2000,48.01584
Jamaica,JAM,2005,58.72494
Jamaica,JAM,2010,65.5728
Jamaica,JAM,2015,73.72293
Jamaica,JAM,2017,75.02715
Jamaica,JAM,2019,76.5773
Jamaica,JAM,2021,74.14455
Japan,JPN,2000,69.89166
Japan,JPN,2005,75.68333
Japan,JPN,2010,80
Japan,JPN,2015,80
Japan,JPN,2017,80
Japan,JPN,2019,80
Japan,JPN,2021,80
Jordan,JOR,2000,64.66788
Jordan,JOR,2005,68.37472
Jordan,JOR,2010,71.55121
Jordan,JOR,2015,69.99065
Jordan,JOR,2017,69.75475
Jordan,JOR,2019,66.67044
Jordan,JOR,2021,64.90748
Kazakhstan,KAZ,2000,55.60408
Kazakhstan,KAZ,2005,64.39897
Kazakhstan,KAZ,2010,70.3424
Kazakhstan,KAZ,2015,76.91549
Kazakhstan,KAZ,2017,79.35015
Kazakhstan,KAZ,2019,80
Kazakhstan,KAZ,2021,80
Kenya,KEN,2000,27.63106
Kenya,KEN,2005,34.21377
Kenya,KEN,2010,44.18829
Kenya,KEN,2015,50.31533
Kenya,KEN,2017,52.00928
Kenya,KEN,2019,51.4786
Kenya,KEN,2021,53.33536
Kiribati,KIR,2000,27.53077
Kiribati,KIR,2005,32.12599
Kiribati,KIR,2010,41.04535
Kiribati,KIR,2015,44.73986
Kiribati,KIR,2017,46.60987
Kiribati,KIR,2019,48.09853
Kiribati,KIR,2021,47.71428
Kuwait,KWT,2000,74.3456
Kuwait,KWT,2005,76.26211
Kuwait,KWT,2010,74.29644
Kuwait,KWT,2015,77.1966
Kuwait,KWT,2017,77.82291
Kuwait,KWT,2019,77.34271
Kuwait,KWT,2021,77.81492
Kyrgyzstan,KGZ,2000,51.05572
Kyrgyzstan,KGZ,2005,54.5138
Kyrgyzstan,KGZ,2010,59.2849
Kyrgyzstan,KGZ,2015,68.99574
Kyrgyzstan,KGZ,2017,71.12467
Kyrgyzstan,KGZ,2019,71.22364
Kyrgyzstan,KGZ,2021,68.54345
Laos,LAO,2000,24.75208
Laos,LAO,2005,32.86279
Laos,LAO,2010,40.28413
Laos,LAO,2015,47.4452
Laos,LAO,2017,51.21174
Laos,LAO,2019,51.4462
Laos,LAO,2021,51.83316
Latvia,LVA,2000,51.52606
Latvia,LVA,2005,57.78969
Latvia,LVA,2010,65.14338
Latvia,LVA,2015,70.49352
Latvia,LVA,2017,75.48441
Latvia,LVA,2019,75.91148
Latvia,LVA,2021,74.62745
Lebanon,LBN,2000,53.67805
Lebanon,LBN,2005,63.13624
Lebanon,LBN,2010,67.21127
Lebanon,LBN,2015,71.15322
Lebanon,LBN,2017,72.97242
Lebanon,LBN,2019,73.64192
Lebanon,LBN,2021,72.61969
Lesotho,LSO,2000,27.30762
Lesotho,LSO,2005,33.35786
Lesotho,LSO,2010,45.0275
Lesotho,LSO,2015,53.51121
Lesotho,LSO,2017,55.59614
Lesotho,LSO,2019,52.83996
Lesotho,LSO,2021,53.24809
Liberia,LBR,2000,20.39242
Liberia,LBR,2005,22.69758
Liberia,LBR,2010,33.27107
Liberia,LBR,2015,36.86204
Liberia,LBR,2017,40.29439
Liberia,LBR,2019,43.46581
Liberia,LBR,2021,44.70966
Libya,LBY,2000,55.1002
Libya,LBY,2005,59.22919
Libya,LBY,2010,61.90065
Libya,LBY,2015,61.16706
Libya,LBY,2017,65.93816
Libya,LBY,2019,63.97498
Libya,LBY,2021,62.11962
Lithuania,LTU,2000,50.68051
Lithuania,LTU,2005,57.0852
Lithuania,LTU,2010,62.62812
Lithuania,LTU,2015,70.22359
Lithuania,LTU,2017,71.81193
Lithuania,LTU,2019,74.69107
Lithuania,LTU,2021,75.31574
Luxembourg,LUX,2000,73.54443
Luxembourg,LUX,2005,75.48934
Luxembourg,LUX,2010,77.37735
Luxembourg,LUX,2015,80
Luxembourg,LUX,2017,80
Luxembourg,LUX,2019,80
Luxembourg,LUX,2021,80
Madagascar,MDG,2000,16.61189
Madagascar,MDG,2005,20.54533
Madagascar,MDG,2010,25.45398
Madagascar,MDG,2015,28.97821
Madagascar,MDG,2017,30.12792
Madagascar,MDG,2019,32.78153
Madagascar,MDG,2021,34.94375
Malawi,MWI,2000,21.73665
Malawi,MWI,2005,27.72908
Malawi,MWI,2010,37.92305
Malawi,MWI,2015,41.62474
Malawi,MWI,2017,48.16093
Malawi,MWI,2019,48.39656
Malawi,MWI,2021,48.27469
Malaysia,MYS,2000,51.9628
Malaysia,MYS,2005,64.03548
Malaysia,MYS,2010,68.774
Malaysia,MYS,2015,74.82103
Malaysia,MYS,2017,77.41269
Malaysia,MYS,2019,77.73126
Malaysia,MYS,2021,75.99274
Maldives,MDV,2000,40.55208
Maldives,MDV,2005,44.68186
Maldives,MDV,2010,58.08285
Maldives,MDV,2015,64.37015
Maldives,MDV,2017,71.4214
Maldives,MDV,2019,67.51245
Maldives,MDV,2021,61.41676
Mali,MLI,2000,19.54101
Mali,MLI,2005,24.37535
Mali,MLI,2010,35.24286
Mali,MLI,2015,36.28376
Mali,MLI,2017,37.7683
Mali,MLI,2019,40.29723
Mali,MLI,2021,41.28001
Malta,MLT,2000,74.83934
Malta,MLT,2005,76.60404
Malta,MLT,2010,79.12861
Malta,MLT,2015,80
Malta,MLT,2017,80
Malta,MLT,2019,80
Malta,MLT,2021,80
Marshall Islands,MHL,2000,42.01462
Marshall Islands,MHL,2005,45.60303
Marshall Islands,MHL,2010,56.87781
Marshall Islands,MHL,2015,59.51815
Marshall Islands,MHL,2017,61.17616
Marshall Islands,MHL,2019,60.98923
Marshall Islands,MHL,2021,58.94324
Mauritania,MRT,2000,20.68332
Mauritania,MRT,2005,24.63069
Mauritania,MRT,2010,32.02874
Mauritania,MRT,2015,32.63081
Mauritania,MRT,2017,38.997
Mauritania,MRT,2019,36.47025
Mauritania,MRT,2021,40.12226
Mauritius,MUS,2000,49.12861
Mauritius,MUS,2005,53.06477
Mauritius,MUS,2010,58.75645
Mauritius,MUS,2015,66.54743
Mauritius,MUS,2017,67.7713
Mauritius,MUS,2019,67.90111
Mauritius,MUS,2021,65.65095
Mexico,MEX,2000,56.00663
Mexico,MEX,2005,60.71852
Mexico,MEX,2010,65.82896
Mexico,MEX,2015,73.53358
Mexico,MEX,2017,74.15421
Mexico,MEX,2019,74.40357
Mexico,MEX,2021,74.54783
Micronesia (country),FSM,2000,36.45238
Micronesia (country),FSM,2005,39.26851
Micronesia (country),FSM,2010,46.50378
Micronesia (country),FSM,2015,46.212
Micronesia (country),FSM,2017,49.32232
Micronesia (country),FSM,2019,46.44151
Micronesia (country),FSM,2021,47.65958
Moldova,MDA,2000,51.27183
Moldova,MDA,2005,54.44264
Moldova,MDA,2010,63.26561
Moldova,MDA,2015,69.84919
Moldova,MDA,2017,70.94097
Moldova,MDA,2019,71.65233
Moldova,MDA,2021,70.75371
Monaco,MCO,2000,73.16138
Monaco,MCO,2005,77.71615
Monaco,MCO,2010,80
Monaco,MCO,2015,80
Monaco,MCO,2017,80
Monaco,MCO,2019,80
Monaco,MCO,2021,80
Mongolia,MNG,2000,46.42946
Mongolia,MNG,2005,48.5035
Mongolia,MNG,2010,58.8462
Mongolia,MNG,2015,66.38216
Mongolia,MNG,2017,66.90777
Mongolia,MNG,2019,67.2755
Mongolia,MNG,2021,64.95104
Montenegro,MNE,2000,59.60315
Montenegro,MNE,2005,64.16195
Montenegro,MNE,2010,67.11888
Montenegro,MNE,2015,69.36111
Montenegro,MNE,2017,71.1473
Montenegro,MNE,2019,72.34895
Montenegro,MNE,2021,71.94123
Morocco,MAR,2000,40.65284
Morocco,MAR,2005,51.0325
Morocco,MAR,2010,58.01295
Morocco,MAR,2015,64.70197
Morocco,MAR,2017,68.74636
Morocco,MAR,2019,68.43913
Morocco,MAR,2021,69.45202
Mozambique,MOZ,2000,19.62433
Mozambique,MOZ,2005,23.30048
Mozambique,MOZ,2010,30.67427
Mozambique,MOZ,2015,40.27244
Mozambique,MOZ,2017,43.39595
Mozambique,MOZ,2019,43.08124
Mozambique,MOZ,2021,43.9927
Myanmar,MMR,2000,25.22501
Myanmar,MMR,2005,32.21199
Myanmar,MMR,2010,44.60143
Myanmar,MMR,2015,53.395
Myanmar,MMR,2017,54.06368
Myanmar,MMR,2019,59.73309
Myanmar,MMR,2021,52.44712
Namibia,NAM,2000,38.58296
Namibia,NAM,2005,48.50308
Namibia,NAM,2010,57.40187
Namibia,NAM,2015,62.6862
Namibia,NAM,2017,63.30084
Namibia,NAM,2019,62.22477
Namibia,NAM,2021,62.63717
Nauru,NRU,2000,35.09056
Nauru,NRU,2005,40.20208
Nauru,NRU,2010,51.97902
Nauru,NRU,2015,57.20006
Nauru,NRU,2017,58.65583
Nauru,NRU,2019,59.52347
Nauru,NRU,2021,60.35399
Nepal,NPL,2000,19.64187
Nepal,NPL,2005,25.13433
Nepal,NPL,2010,37.36217
Nepal,NPL,2015,47.1465
Nepal,NPL,2017,44.6829
Nepal,NPL,2019,50.0143
Nepal,NPL,2021,53.66346
Netherlands,NLD,2000,75.1118
Netherlands,NLD,2005,77.57281
Netherlands,NLD,2010,80
Netherlands,NLD,2015,80
Netherlands,NLD,2017,80
Netherlands,NLD,2019,80
Netherlands,NLD,2021,80
New Zealand,NZL,2000,75.44692
New Zealand,NZL,2005,80
New Zealand,NZL,2010,80
New Zealand,NZL,2015,80
New Zealand,NZL,2017,80
New Zealand,NZL,2019,80
New Zealand,NZL,2021,80
Nicaragua,NIC,2000,46.70932
Nicaragua,NIC,2005,53.45306
Nicaragua,NIC,2010,65.59571
Nicaragua,NIC,2015,70.83757
Nicaragua,NIC,2017,72.58722
Nicaragua,NIC,2019,72.8346
Nicaragua,NIC,2021,70.31471
Niger,NER,2000,15.03218
Niger,NER,2005,19.16178
Niger,NER,2010,29.97222
Niger,NER,2015,32.23807
Niger,NER,2017,32.77244
Niger,NER,2019,33.79233
Niger,NER,2021,34.98468
Nigeria,NGA,2000,19.98557
Nigeria,NGA,2005,24.40609
Nigeria,NGA,2010,34.00522
Nigeria,NGA,2015,38.75619
Nigeria,NGA,2017,39.34686
Nigeria,NGA,2019,42.80322
Nigeria,NGA,2021,38.42341
Niue,NIU,2000,42.3637
Niue,NIU,2005,43.66346
Niue,NIU,2010,53.49199
Niue,NIU,2015,59.22666
Niue,NIU,2017,61.33382
Niue,NIU,2019,63.16185
Niue,NIU,2021,43.59322
North Korea,PRK,2000,46.04457
North Korea,PRK,2005,49.07719
North Korea,PRK,2010,53.3358
North Korea,PRK,2015,42.94707
North Korea,PRK,2017,72.96504
North Korea,PRK,2019,72.15644
North Korea,PRK,2021,67.97488
North Macedonia,MKD,2000,57.59447
North Macedonia,MKD,2005,58.14938
North Macedonia,MKD,2010,64.25138
North Macedonia,MKD,2015,72.75167
North Macedonia,MKD,2017,74.3683
North Macedonia,MKD,2019,73.6663
North Macedonia,MKD,2021,73.52955
Norway,NOR,2000,72.26675
Norway,NOR,2005,80
Norway,NOR,2010,80
Norway,NOR,2015,80
Norway,NOR,2017,80
Norway,NOR,2019,80
Norway,NOR,2021,80
Oman,OMN,2000,60.68038
Oman,OMN,2005,62.46003
Oman,OMN,2010,66.87055
Oman,OMN,2015,68.74741
Oman,OMN,2017,69.48683
Oman,OMN,2019,70.18557
Oman,OMN,2021,69.89807
Pakistan,PAK,2000,21.7702
Pakistan,PAK,2005,28.20218
Pakistan,PAK,2010,32.97353
Pakistan,PAK,2015,39.57821
Pakistan,PAK,2017,42.63682
Pakistan,PAK,2019,44.49096
Pakistan,PAK,2021,45.20959
Palau,PLW,2000,47.37368
Palau,PLW,2005,49.13772
Palau,PLW,2010,57.84193
Palau,PLW,2015,64.63821
Palau,PLW,2017,67.04
Palau,PLW,2019,65.98124
Palau,PLW,2021,64.77206
Panama,PAN,2000,61.6098
Panama,PAN,2005,67.40448
Panama,PAN,2010,71.88011
Panama,PAN,2015,74.58967
Panama,PAN,2017,77.35477
Panama,PAN,2019,78.79041
Panama,PAN,2021,78.21974
Papua New Guinea,PNG,2000,24.8393
Papua New Guinea,PNG,2005,25.98899
Papua New Guinea,PNG,2010,33.07228
Papua New Guinea,PNG,2015,35.60206
Papua New Guinea,PNG,2017,33.35481
Papua New Guinea,PNG,2019,30.01612
Papua New Guinea,PNG,2021,30.39468
Paraguay,PRY,2000,47.50436
Paraguay,PRY,2005,58.50354
Paraguay,PRY,2010,68.03709
Paraguay,PRY,2015,71.91619
Paraguay,PRY,2017,73.45425
Paraguay,PRY,2019,73.72123
Paraguay,PRY,2021,72.27225
Peru,PER,2000,47.89023
Peru,PER,2005,58.55022
Peru,PER,2010,70.04292
Peru,PER,2015,76.0701
Peru,PER,2017,75.35568
Peru,PER,2019,74.96297
Peru,PER,2021,71.10895
Philippines,PHL,2000,36.31266
Philippines,PHL,2005,38.40657
Philippines,PHL,2010,47.95707
Philippines,PHL,2015,57.40672
Philippines,PHL,2017,60.10928
Philippines,PHL,2019,59.87902
Philippines,PHL,2021,58.21226
Poland,POL,2000,65.79383
Poland,POL,2005,71.48678
Poland,POL,2010,75.49274
Poland,POL,2015,80
Poland,POL,2017,80
Poland,POL,2019,80
Poland,POL,2021,80
Portugal,PRT,2000,73.56623
Portugal,PRT,2005,80
Portugal,PRT,2010,80
Portugal,PRT,2015,80
Portugal,PRT,2017,80
Portugal,PRT,2019,80
Portugal,PRT,2021,80
Qatar,QAT,2000,52.24769
Qatar,QAT,2005,53.7298
Qatar,QAT,2010,66.79881
Qatar,QAT,2015,72.93346
Qatar,QAT,2017,72.17193
Qatar,QAT,2019,75.35207
Qatar,QAT,2021,76.42062
Romania,ROU,2000,68.63213
Romania,ROU,2005,71.76083
Romania,ROU,2010,73.72845
Romania,ROU,2015,77.64096
Romania,ROU,2017,78.08285
Romania,ROU,2019,78.57488
Romania,ROU,2021,78.39335
Russia,RUS,2000,54.26154
Russia,RUS,2005,49.88257
Russia,RUS,2010,70.12196
Russia,RUS,2015,73.75881
Russia,RUS,2017,77.49385
Russia,RUS,2019,79.06899
Russia,RUS,2021,79.15902
Rwanda,RWA,2000,18.7014
Rwanda,RWA,2005,26.07757
Rwanda,RWA,2010,38.95656
Rwanda,RWA,2015,43.89061
Rwanda,RWA,2017,48.07314
Rwanda,RWA,2019,47.45173
Rwanda,RWA,2021,48.55309
Saint Kitts and Nevis,KNA,2000,53.13859
Saint Kitts and Nevis,KNA,2005,66.0196
Saint Kitts and Nevis,KNA,2010,72.38799
Saint Kitts and Nevis,KNA,2015,75.88739
Saint Kitts and Nevis,KNA,2017,76.09689
Saint Kitts and Nevis,KNA,2019,76.77564
Saint Kitts and Nevis,KNA,2021,78.95278
Saint Lucia,LCA,2000,49.39138
Saint Lucia,LCA,2005,61.98908
Saint Lucia,LCA,2010,67.65661
Saint Lucia,LCA,2015,73.88802
Saint Lucia,LCA,2017,73.79628
Saint Lucia,LCA,2019,76.52474
Saint Lucia,LCA,2021,76.81477
Saint Vincent and the Grenadines,VCT,2000,48.76612
Saint Vincent and the Grenadines,VCT,2005,60.98172
Saint Vincent and the Grenadines,VCT,2010,67.72204
Saint Vincent and the Grenadines,VCT,2015,72.2798
Saint Vincent and the Grenadines,VCT,2017,76.11737
Saint Vincent and the Grenadines,VCT,2019,76.30333
Saint Vincent and the Grenadines,VCT,2021,68.83349
Samoa,WSM,2000,40.53957
Samoa,WSM,2005,38.58097
Samoa,WSM,2010,47.86596
Samoa,WSM,2015,52.68977
Samoa,WSM,2017,54.11195
Samoa,WSM,2019,55.02263
Samoa,WSM,2021,55.12797
San Marino,SMR,2000,68.98303
San Marino,SMR,2005,72.95224
San Marino,SMR,2010,75.25352
San Marino,SMR,2015,79.36187
San Marino,SMR,2017,80
San Marino,SMR,2019,77.21336
San Marino,SMR,2021,77.1058
Sao Tome and Principe,STP,2000,32.70851
Sao Tome and Principe,STP,2005,37.24185
Sao Tome and Principe,STP,2010,46.8507
Sao Tome and Principe,STP,2015,51.65538
Sao Tome and Principe,STP,2017,54.69579
Sao Tome and Principe,STP,2019,60.22453
Sao Tome and Principe,STP,2021,58.78933
Saudi Arabia,SAU,2000,64.68455
Saudi Arabia,SAU,2005,67.25365
Saudi Arabia,SAU,2010,68.96962
Saudi Arabia,SAU,2015,70.73363
Saudi Arabia,SAU,2017,72.599
Saudi Arabia,SAU,2019,72.39696
Saudi Arabia,SAU,2021,74.3674
Senegal,SEN,2000,21.14888
Senegal,SEN,2005,25.37049
Senegal,SEN,2010,36.98137
Senegal,SEN,2015,45.02056
Senegal,SEN,2017,48.54812
Senegal,SEN,2019,50.53169
Senegal,SEN,2021,50.08955
Serbia,SRB,2000,44.35506
Serbia,SRB,2005,62.85669
Serbia,SRB,2010,63.36807
Serbia,SRB,2015,71.87019
Serbia,SRB,2017,73.30007
Serbia,SRB,2019,77.03038
Serbia,SRB,2021,71.67236
Seychelles,SYC,2000,44.24134
Seychelles,SYC,2005,47.97737
Seychelles,SYC,2010,59.41133
Seychelles,SYC,2015,72.83885
Seychelles,SYC,2017,75.37238
Seychelles,SYC,2019,73.70173
Seychelles,SYC,2021,74.57317
Sierra Leone,SLE,2000,14.3157
Sierra Leone,SLE,2005,16.4179
Sierra Leone,SLE,2010,26.73673
Sierra Leone,SLE,2015,34.8883
Sierra Leone,SLE,2017,38.69389
Sierra Leone,SLE,2019,38.31223
Sierra Leone,SLE,2021,41.00435
Singapore,SGP,2000,63.87043
Singapore,SGP,2005,70.14104
Singapore,SGP,2010,80
Singapore,SGP,2015,80
Singapore,SGP,2017,80
Singapore,SGP,2019,80
Singapore,SGP,2021,80
Slovakia,SVK,2000,64.85145
Slovakia,SVK,2005,73.00352
Slovakia,SVK,2010,75.63513
Slovakia,SVK,2015,80
Slovakia,SVK,2017,80
Slovakia,SVK,2019,80
Slovakia,SVK,2021,80
Slovenia,SVN,2000,72.78382
Slovenia,SVN,2005,73.62452
Slovenia,SVN,2010,77.43741
Slovenia,SVN,2015,80
Slovenia,SVN,2017,80
Slovenia,SVN,2019,80
Slovenia,SVN,2021,80
Solomon Islands,SLB,2000,30.9107
Solomon Islands,SLB,2005,32.23912
Solomon Islands,SLB,2010,40.09755
Solomon Islands,SLB,2015,45.26013
Solomon Islands,SLB,2017,46.62469
Solomon Islands,SLB,2019,46.3896
Solomon Islands,SLB,2021,47.2799
Somalia,SOM,2000,10.69952
Somalia,SOM,2005,12.36933
Somalia,SOM,2010,17.37231
Somalia,SOM,2015,21.16915
Somalia,SOM,2017,24.64832
Somalia,SOM,2019,25.60999
Somalia,SOM,2021,26.79095
South Africa,ZAF,2000,43.06644
South Africa,ZAF,2005,51.49383
South Africa,ZAF,2010,62.6583
South Africa,ZAF,2015,69.84427
South Africa,ZAF,2017,71.45163
South Africa,ZAF,2019,71.00739
South Africa,ZAF,2021,70.9511
South Korea,KOR,2000,73.20142
South Korea,KOR,2005,77.24309
South Korea,KOR,2010,80
South Korea,KOR,2015,80
South Korea,KOR,2017,80
South Korea,KOR,2019,80
South Korea,KOR,2021,80
South Sudan,SSD,2000,17.96568
South Sudan,SSD,2005,19.12855
South Sudan,SSD,2010,22.70779
South Sudan,SSD,2015,27.30866
South Sudan,SSD,2017,29.77759
South Sudan,SSD,2019,31.18415
South Sudan,SSD,2021,34.17734
South-East Asia (WHO),WHO_SEAR,2000,29.73478
South-East Asia (WHO),WHO_SEAR,2005,34.44448
South-East Asia (WHO),WHO_SEAR,2010,47.23974
South-East Asia (WHO),WHO_SEAR,2015,55.65748
South-East Asia (WHO),WHO_SEAR,2017,59.10732
South-East Asia (WHO),WHO_SEAR,2019,61.89774
South-East Asia (WHO),WHO_SEAR,2021,61.53943
Spain,ESP,2000,68.74818
Spain,ESP,2005,73.6699
Spain,ESP,2010,77.63302
Spain,ESP,2015,80
Spain,ESP,2017,80
Spain,ESP,2019,80
Spain,ESP,2021,80
Sri Lanka,LKA,2000,43.76064
Sri Lanka,LKA,2005,48.07618
Sri Lanka,LKA,2010,54.61721
Sri Lanka,LKA,2015,61.13587
Sri Lanka,LKA,2017,65.21196
Sri Lanka,LKA,2019,65.78252
Sri Lanka,LKA,2021,66.73998
Sudan,SDN,2000,24.80419
Sudan,SDN,2005,27.02324
Sudan,SDN,2010,35.65147
Sudan,SDN,2015,42.66123
Sudan,SDN,2017,44.94618
Sudan,SDN,2019,44.5537
Sudan,SDN,2021,43.53126
Suriname,SUR,2000,45.25257
Suriname,SUR,2005,58.09045
Suriname,SUR,2010,64.7199
Suriname,SUR,2015,71.33347
Suriname,SUR,2017,72.27364
Suriname,SUR,2019,72.29755
Suriname,SUR,2021,62.66269
Sweden,SWE,2000,72.33821
Sweden,SWE,2005,75.9309
Sweden,SWE,2010,80
Sweden,SWE,2015,80
Sweden,SWE,2017,80
Sweden,SWE,2019,80
Sweden,SWE,2021,80
Switzerland,CHE,2000,74.98363
Switzerland,CHE,2005,79.48193
Switzerland,CHE,2010,80
Switzerland,CHE,2015,80
Switzerland,CHE,2017,80
Switzerland,CHE,2019,80
Switzerland,CHE,2021,80
Syria,SYR,2000,46.07927
Syria,SYR,2005,52.43646
Syria,SYR,2010,58.25027
Syria,SYR,2015,59.83709
Syria,SYR,2017,61.5679
Syria,SYR,2019,61.59771
Syria,SYR,2021,64.12852
Tajikistan,TJK,2000,42.48084
Tajikistan,TJK,2005,46.26333
Tajikistan,TJK,2010,58.42437
Tajikistan,TJK,2015,68.16235
Tajikistan,TJK,2017,68.81573
Tajikistan,TJK,2019,69.53428
Tajikistan,TJK,2021,67.24715
Tanzania,TZA,2000,19.56862
Tanzania,TZA,2005,23.36851
Tanzania,TZA,2010,33.19517
Tanzania,TZA,2015,37.88104
Tanzania,TZA,2017,39.90318
Tanzania,TZA,2019,41.58988
Tanzania,TZA,2021,42.62791
Thailand,THA,2000,43.18711
Thailand,THA,2005,59.16866
Thailand,THA,2010,67.68145
Thailand,THA,2015,75.68045
Thailand,THA,2017,80
Thailand,THA,2019,80
Thailand,THA,2021,80
Togo,TGO,2000,18.67918
Togo,TGO,2005,24.5421
Togo,TGO,2010,29.62984
Togo,TGO,2015,39.61168
Togo,TGO,2017,42.7466
Togo,TGO,2019,41.39977
Togo,TGO,2021,44.00792
Tonga,TON,2000,43.2936
Tonga,TON,2005,44.61647
Tonga,TON,2010,52.79188
Tonga,TON,2015,54.12032
Tonga,TON,2017,55.8647
Tonga,TON,2019,56.80285
Tonga,TON,2021,56.68787
Trinidad and Tobago,TTO,2000,52.74739
Trinidad and Tobago,TTO,2005,66.0619
Trinidad and Tobago,TTO,2010,72.03561
Trinidad and Tobago,TTO,2015,77.20811
Trinidad and Tobago,TTO,2017,76.93326
Trinidad and Tobago,TTO,2019,76.01939
Trinidad and Tobago,TTO,2021,75.0049
Tunisia,TUN,2000,44.01251
Tunisia,TUN,2005,57.5374
Tunisia,TUN,2010,60.61248
Tunisia,TUN,2015,63.27863
Tunisia,TUN,2017,64.88946
Tunisia,TUN,2019,68.29424
Tunisia,TUN,2021,67.13705
Turkey,TUR,2000,57.10386
Turkey,TUR,2005,63.95932
Turkey,TUR,2010,65.80634
Turkey,TUR,2015,76.33004
Turkey,TUR,2017,76.64689
Turkey,TUR,2019,76.65077
Turkey,TUR,2021,75.58542
Turkmenistan,TKM,2000,54.28495
Turkmenistan,TKM,2005,62.43292
Turkmenistan,TKM,2010,67.9454
Turkmenistan,TKM,2015,71.75587
Turkmenistan,TKM,2017,73.25834
Turkmenistan,TKM,2019,74.41952
Turkmenistan,TKM,2021,74.70721
Tuvalu,TUV,2000,37.39676
Tuvalu,TUV,2005,40.02587
Tuvalu,TUV,2010,48.6541
Tuvalu,TUV,2015,52.42924
Tuvalu,TUV,2017,51.94547
Tuvalu,TUV,2019,52.30556
Tuvalu,TUV,2021,52.40868
Uganda,UGA,2000,21.75011
Uganda,UGA,2005,27.80427
Uganda,UGA,2010,36.46073
Uganda,UGA,2015,43.0267
Uganda,UGA,2017,45.84126
Uganda,UGA,2019,48.10522
Uganda,UGA,2021,48.5671
Ukraine,UKR,2000,52.67456
Ukraine,UKR,2005,54.25643
Ukraine,UKR,2010,64.65137
Ukraine,UKR,2015,68.50453
Ukraine,UKR,2017,70.85789
Ukraine,UKR,2019,76.57785
Ukraine,UKR,2021,75.50772
United Arab Emirates,ARE,2000,48.48775
United Arab Emirates,ARE,2005,59.04102
United Arab Emirates,ARE,2010,61.98754
United Arab Emirates,ARE,2015,71.58994
United Arab Emirates,ARE,2017,72.97377
United Arab Emirates,ARE,2019,75.03922
United Arab Emirates,ARE,2021,80
United Kingdom,GBR,2000,72.03758
United Kingdom,GBR,2005,78.71256
United Kingdom,GBR,2010,80
United Kingdom,GBR,2015,80
United Kingdom,GBR,2017,80
United Kingdom,GBR,2019,80
United Kingdom,GBR,2021,80
United States,USA,2000,77.96876
United States,USA,2005,80
United States,USA,2010,80
United States,USA,2015,80
United States,USA,2017,80
United States,USA,2019,80
United States,USA,2021,80
Uruguay,URY,2000,65.22858
Uruguay,URY,2005,70.28025
Uruguay,URY,2010,77.57634
Uruguay,URY,2015,80
Uruguay,URY,2017,80
Uruguay,URY,2019,80
Uruguay,URY,2021,80
Uzbekistan,UZB,2000,54.79426
Uzbekistan,UZB,2005,55.6623
Uzbekistan,UZB,2010,67.9312
Uzbekistan,UZB,2015,73.06261
Uzbekistan,UZB,2017,73.87034
Uzbekistan,UZB,2019,74.70088
Uzbekistan,UZB,2021,74.84127
Vanuatu,VUT,2000,31.38485
Vanuatu,VUT,2005,30.86052
Vanuatu,VUT,2010,37.76617
Vanuatu,VUT,2015,44.92993
Vanuatu,VUT,2017,44.23804
Vanuatu,VUT,2019,46.36674
Vanuatu,VUT,2021,46.99287
Venezuela,VEN,2000,49.0037
Venezuela,VEN,2005,59.51868
Venezuela,VEN,2010,66.94756
Venezuela,VEN,2015,76.64705
Venezuela,VEN,2017,74.97142
Venezuela,VEN,2019,74.40042
Venezuela,VEN,2021,75.1346
Vietnam,VNM,2000,36.98556
Vietnam,VNM,2005,44.04025
Vietnam,VNM,2010,58.99083
Vietnam,VNM,2015,68.22915
Vietnam,VNM,2017,70.21927
Vietnam,VNM,2019,69.46246
Vietnam,VNM,2021,68.08401
Western Pacific (WHO),WHO_WPAC,2000,48.51195
Western Pacific (WHO),WHO_WPAC,2005,57.30132
Western Pacific (WHO),WHO_WPAC,2010,66.27006
Western Pacific (WHO),WHO_WPAC,2015,74.8032
Western Pacific (WHO),WHO_WPAC,2017,77.5291
Western Pacific (WHO),WHO_WPAC,2019,78.83364
Western Pacific (WHO),WHO_WPAC,2021,78.78694
World,OWID_WRL,2000,44.62809
World,OWID_WRL,2005,49.78249
World,OWID_WRL,2010,58.02955
World,OWID_WRL,2015,64.53692
World,OWID_WRL,2017,66.71644
World,OWID_WRL,2019,67.89145
World,OWID_WRL,2021,67.51741
Yemen,YEM,2000,28.35013
Yemen,YEM,2005,29.89151
Yemen,YEM,2010,38.74886
Yemen,YEM,2015,39.47222
Yemen,YEM,2017,41.15677
Yemen,YEM,2019,42.40922
Yemen,YEM,2021,42.4872
Zambia,ZMB,2000,28.17749
Zambia,ZMB,2005,34.16745
Zambia,ZMB,2010,44.77538
Zambia,ZMB,2015,51.59778
Zambia,ZMB,2017,53.23087
Zambia,ZMB,2019,53.5129
Zambia,ZMB,2021,55.83556
Zimbabwe,ZWE,2000,30.00444
Zimbabwe,ZWE,2005,31.41146
Zimbabwe,ZWE,2010,46.01314
Zimbabwe,ZWE,2015,56.01437
Zimbabwe,ZWE,2017,57.00583
Zimbabwe,ZWE,2019,55.38052
Zimbabwe,ZWE,2021,55.04284